{
    "default": "@foliage",
    "minecraft:water": "@water",
    "minecraft:cauldron": "@water",
    "minecraft:water_cauldron": "@water",
    "minecraft:powder_snow_cauldron": "#ffffff",
    "minecraft:lava_cauldron": "#ffffff",
    "minecraft:grass_block": "@grass",
    "minecraft:grass": "@grass",
    "minecraft:short_grass": "@grass",
    "minecraft:tall_grass": "@grass",
    "minecraft:fern": "@grass",
    "minecraft:large_fern": "@grass",
    "minecraft:redstone_wire": "@redstone",
    "minecraft:birch_leaves": 8431445,
    "minecraft:spruce_leaves": 6396257,
    "minecraft:stonecutter": "#ffffff",
    "minecraft:snow": "#ffffff",
    "minecraft:cherry_leaves": "#ffffff",
    "minecraft:white_banner": "#f9fffe",
    "minecraft:light_gray_banner": "#9d9d97",
    "minecraft:gray_banner": "#474f52",
    "minecraft:black_banner": "#1d1d21",
    "minecraft:brown_banner": "#835432",
    "minecraft:red_banner": "#b02e26",
    "minecraft:orange_banner": "#f9801d",
    "minecraft:yellow_banner": "#fed83d",
    "minecraft:lime_banner": "#80c71f",
    "minecraft:green_banner": "#5e7c16",
    "minecraft:cyan_banner": "#169c9c",
    "minecraft:light_blue_banner": "#3ab3da",
    "minecraft:blue_banner": "#3c44aa",
    "minecraft:purple_banner": "#8932b8",
    "minecraft:magenta_banner": "#c74ebd",
    "minecraft:pink_banner": "#f38baa",
    "minecraft:white_wall_banner": "#f9fffe",
    "minecraft:light_gray_wall_banner": "#9d9d97",
    "minecraft:gray_wall_banner": "#474f52",
    "minecraft:black_wall_banner": "#1d1d21",
    "minecraft:brown_wall_banner": "#835432",
    "minecraft:red_wall_banner": "#b02e26",
    "minecraft:orange_wall_banner": "#f9801d",
    "minecraft:yellow_wall_banner": "#fed83d",
    "minecraft:lime_wall_banner": "#80c71f",
    "minecraft:green_wall_banner": "#5e7c16",
    "minecraft:cyan_wall_banner": "#169c9c",
    "minecraft:light_blue_wall_banner": "#3ab3da",
    "minecraft:blue_wall_banner": "#3c44aa",
    "minecraft:purple_wall_banner": "#8932b8",
    "minecraft:magenta_wall_banner": "#c74ebd",
    "minecraft:pink_wall_banner": "#f38baa",
    "minecraft:white_shulker_box": "#f9fffe",
    "minecraft:light_gray_shulker_box": "#9d9d97",
    "minecraft:gray_shulker_box": "#474f52",
    "minecraft:black_shulker_box": "#1d1d21",
    "minecraft:brown_shulker_box": "#835432",
    "minecraft:red_shulker_box": "#b02e26",
    "minecraft:orange_shulker_box": "#f9801d",
    "minecraft:yellow_shulker_box": "#fed83d",
    "minecraft:lime_shulker_box": "#80c71f",
    "minecraft:green_shulker_box": "#5e7c16",
    "minecraft:cyan_shulker_box": "#169c9c",
    "minecraft:light_blue_shulker_box": "#3ab3da",
    "minecraft:blue_shulker_box": "#3c44aa",
    "minecraft:purple_shulker_box": "#8932b8",
    "minecraft:magenta_shulker_box": "#c74ebd",
    "minecraft:pink_shulker_box": "#f38baa",
    "minecraft:pale_oak_leaves": "#ffffff"
}
